ID,Predicted
0,B-Person
1,O
2,B-Location
3,O
4,O
5,B-Temporal
6,I-Temporal
7,O
8,O
9,O
10,O
11,O
12,O
13,O
14,O
15,O
16,O
17,O
18,O
19,O
20,O
21,O
22,O
23,B-Organisation
24,I-Organisation
25,I-Organisation
26,I-Organisation
27,I-Organisation
28,O
29,O
30,O
31,B-Location
32,O
33,O
34,O
35,O
36,O
37,B-Organisation
38,I-Organisation
39,I-Organisation
40,O
41,O
42,O
43,O
44,O
45,O
46,O
47,O
48,O
49,O
50,O
51,O
52,O
53,O
54,O
55,O
56,O
57,O
58,O
59,O
60,O
61,O
62,O
63,O
64,O
65,O
66,O
67,O
68,O
69,O
70,O
71,O
72,O
73,O
74,O
75,O
76,B-Organisation
77,I-Organisation
78,I-Organisation
79,O
80,O
81,O
82,B-Location
83,O
84,O
85,O
86,O
87,O
88,O
89,B-Temporal
90,I-Temporal
91,I-Temporal
92,I-Temporal
93,O
94,O
95,O
96,O
97,O
98,O
99,O
100,O
101,O
102,O
103,O
104,O
105,O
106,O
107,B-Organisation
108,O
109,O
110,O
111,O
112,B-Organisation
113,I-Organisation
114,I-Organisation
115,O
116,O
117,O
118,O
119,O
120,O
121,O
122,B-Person
123,O
124,O
125,O
126,O
127,O
128,O
129,O
130,O
131,O
132,O
133,O
134,B-Organisation
135,I-Organisation
136,O
137,O
138,O
139,O
140,O
141,O
142,B-Location
143,I-Location
144,I-Location
145,I-Location
146,I-Location
147,I-Location
148,O
149,B-Temporal
150,O
151,O
152,O
153,O
154,O
155,O
156,O
157,O
158,O
159,O
160,O
161,O
162,O
163,O
164,O
165,O
166,O
167,O
168,O
169,O
170,O
171,O
172,O
173,O
174,O
175,O
176,O
177,O
178,O
179,O
180,O
181,O
182,O
183,O
184,O
185,O
186,O
187,O
188,O
189,O
190,O
191,O
192,O
193,O
194,B-Location
195,I-Location
196,O
197,B-Location
198,O
199,O
200,O
201,O
202,O
203,O
204,O
205,B-Location
206,O
207,B-Location
208,O
209,O
210,O
211,O
212,O
213,O
214,O
215,O
216,O
217,O
218,B-Organisation
219,I-Organisation
220,O
221,O
222,O
223,O
224,O
225,O
226,O
227,O
228,O
229,O
230,O
231,O
232,O
233,B-Location
234,I-Location
235,I-Location
236,I-Location
237,I-Location
238,I-Location
239,I-Location
240,I-Location
241,I-Location
242,I-Location
243,I-Location
244,I-Location
245,I-Location
246,I-Location
247,O
248,O
249,O
250,B-Location
251,I-Location
252,I-Location
253,I-Location
254,I-Location
255,I-Location
256,I-Location
257,I-Location
258,O
259,B-Quantity
260,I-Quantity
261,I-Quantity
262,I-Quantity
263,I-Quantity
264,O
265,O
266,O
267,O
268,O
269,B-Organisation
270,O
271,O
272,B-Location
273,O
274,O
275,O
276,O
277,B-Organisation
278,I-Organisation
279,O
280,O
281,O
282,O
283,O
284,O
285,O
286,O
287,O
288,O
289,B-Organisation
290,I-Organisation
291,O
292,O
293,O
294,O
295,B-Person
296,I-Person
297,O
298,O
299,O
300,O
301,B-Person
302,O
303,B-Person
304,B-Person
305,O
306,O
307,O
308,O
309,O
310,O
311,O
312,O
313,O
314,O
315,B-Person
316,O
317,B-Person
318,I-Person
319,O
320,B-Person
321,I-Person
322,I-Person
323,I-Person
324,I-Person
325,I-Person
326,I-Person
327,O
328,O
329,O
330,B-Organisation
331,I-Organisation
332,O
333,O
334,B-Location
335,O
336,O
337,B-Organisation
338,O
339,O
340,O
341,O
342,O
343,O
344,O
345,O
346,O
347,O
348,O
349,O
350,O
351,B-Location
352,O
353,O
354,O
355,O
356,O
357,O
358,O
359,O
360,O
361,O
362,B-Organisation
363,O
364,O
365,O
366,O
367,O
368,O
369,O
370,O
371,O
372,O
373,O
374,O
375,O
376,O
377,O
378,B-Organisation
379,O
380,O
381,O
382,B-Organisation
383,O
384,O
385,O
386,O
387,O
388,B-Organisation
389,I-Organisation
390,I-Organisation
391,I-Organisation
392,O
393,O
394,B-Organisation
395,O
396,O
397,O
398,O
399,O
400,O
401,O
402,O
403,O
404,B-Organisation
405,I-Organisation
406,I-Organisation
407,I-Organisation
408,I-Organisation
409,I-Organisation
410,I-Organisation
411,I-Organisation
412,I-Organisation
413,I-Organisation
414,I-Organisation
415,O
416,B-Organisation
417,I-Organisation
418,O
419,O
420,O
421,O
422,O
423,B-Location
424,I-Location
425,O
426,O
427,O
428,O
429,O
430,O
431,O
432,B-Location
433,O
434,O
435,B-Temporal
436,O
437,O
438,O
439,O
440,O
441,O
442,O
443,O
444,O
445,O
446,O
447,B-Quantity
448,I-Quantity
449,I-Quantity
450,O
451,B-Organisation
452,O
453,O
454,O
455,O
456,O
457,O
458,O
459,O
460,O
461,B-Organisation
462,O
463,O
464,O
465,O
466,O
467,O
468,O
469,O
470,O
471,O
472,B-Location
473,O
474,O
475,O
476,O
477,O
478,O
479,O
480,O
481,O
482,O
483,B-Person
484,O
485,O
486,O
487,O
488,O
489,O
490,B-Organisation
491,I-Organisation
492,I-Organisation
493,I-Organisation
494,O
495,B-Organisation
496,I-Organisation
497,I-Organisation
498,I-Organisation
499,O
500,O
501,O
502,O
503,O
504,O
505,O
506,O
507,B-Person
508,O
509,O
510,O
511,O
512,O
513,O
514,O
515,O
516,O
517,B-Location
518,O
519,O
520,O
521,O
522,O
523,B-Location
524,O
525,O
526,O
527,O
528,O
529,O
530,O
531,O
532,O
533,O
534,O
535,O
536,O
537,O
538,O
539,O
540,O
541,O
542,O
543,O
544,O
545,O
546,O
547,O
548,O
549,O
550,O
551,O
552,O
553,O
554,O
555,B-Temporal
556,I-Temporal
557,I-Temporal
558,I-Temporal
559,O
560,B-Person
561,O
562,O
563,O
564,O
565,O
566,O
567,B-Organisation
568,I-Organisation
569,O
570,O
571,O
572,O
573,B-Organisation
574,I-Organisation
575,I-Organisation
576,O
577,O
578,O
579,O
580,O
581,O
582,O
583,B-Organisation
584,I-Organisation
585,I-Organisation
586,I-Organisation
587,O
588,O
589,O
590,O
591,O
592,O
593,O
594,O
595,B-Organisation
596,O
597,O
598,O
599,O
600,O
601,B-Organisation
602,I-Organisation
603,I-Organisation
604,I-Organisation
605,I-Organisation
606,I-Organisation
607,O
608,B-Location
609,B-Temporal
610,O
611,O
612,O
613,O
614,O
615,O
616,O
617,O
618,O
619,O
620,O
621,O
622,B-Location
623,O
624,O
625,O
626,O
627,O
628,O
629,O
630,O
631,O
632,O
633,O
634,O
635,O
636,B-Location
637,O
638,O
639,O
640,O
641,O
642,O
643,O
644,O
645,O
646,O
647,O
648,B-Organisation
649,I-Organisation
650,O
651,B-Organisation
652,I-Organisation
653,I-Organisation
654,O
655,O
656,O
657,O
658,O
659,B-Nationality
660,O
661,O
662,O
663,O
664,O
665,O
666,O
667,O
668,O
669,O
670,O
671,O
672,O
673,O
674,O
675,O
676,B-Organisation
677,O
678,O
679,O
680,O
681,O
682,O
683,O
684,O
685,O
686,O
687,O
688,O
689,O
690,O
691,B-Quantity
692,B-Organisation
693,O
694,O
695,O
696,O
697,O
698,O
699,O
700,O
701,O
702,O
703,O
704,O
705,O
706,B-Location
707,I-Location
708,I-Location
709,I-Location
710,O
711,O
712,B-Location
713,I-Location
714,I-Location
715,O
716,B-Organisation
717,I-Organisation
718,I-Organisation
719,O
720,O
721,O
722,B-Temporal
723,O
724,O
725,O
726,O
727,O
728,O
729,O
730,O
731,O
732,O
733,O
734,O
735,O
736,O
737,O
738,O
739,O
740,O
741,O
742,O
743,O
744,O
745,O
746,O
747,O
748,O
749,O
750,B-Person
751,O
752,O
753,O
754,O
755,O
756,O
757,O
758,O
759,O
760,O
761,O
762,O
763,O
764,O
765,O
766,O
767,O
768,O
769,O
770,O
771,O
772,O
773,O
774,O
775,O
776,B-Person
777,I-Person
778,O
779,O
780,O
781,O
782,O
783,O
784,O
785,O
786,O
787,B-Organisation
788,O
789,O
790,O
791,O
792,O
793,O
794,O
795,O
796,O
797,O
798,O
799,O
800,O
801,O
802,O
803,O
804,O
805,O
806,B-Organisation
807,O
808,O
809,O
810,O
811,O
812,O
813,O
814,O
815,O
816,O
817,O
818,O
819,B-Organisation
820,I-Organisation
821,I-Organisation
822,I-Organisation
823,I-Organisation
824,O
825,O
826,O
827,B-Organisation
828,I-Organisation
829,I-Organisation
830,I-Organisation
831,I-Organisation
832,O
833,O
834,O
835,O
836,O
837,O
838,O
839,O
840,O
841,O
842,O
843,O
844,O
845,O
846,O
847,B-Organisation
848,O
849,O
850,O
851,O
852,O
853,O
854,O
855,O
856,O
857,O
858,O
859,O
860,O
861,O
862,O
863,O
864,O
865,O
866,O
867,O
868,O
869,O
870,O
871,O
872,B-Organisation
873,O
874,O
875,O
876,O
877,O
878,O
879,O
880,O
881,O
882,O
883,O
884,O
885,O
886,O
887,O
888,O
889,O
890,O
891,O
892,O
893,O
894,O
895,B-Person
896,O
897,O
898,O
899,B-Organisation
900,I-Organisation
901,O
902,O
903,O
904,O
905,O
906,B-Location
907,I-Location
908,I-Location
909,I-Location
910,I-Location
911,I-Location
912,O
913,O
914,O
915,B-Location
916,I-Location
917,I-Location
918,O
919,O
920,O
921,O
922,B-Quantity
923,O
924,O
925,O
926,O
927,O
928,O
929,O
930,O
931,O
932,B-Quantity
933,I-Quantity
934,O
935,O
936,B-Quantity
937,B-Weapon
938,O
939,B-Organisation
940,O
941,O
942,O
943,O
944,O
945,O
946,O
947,O
948,O
949,B-Organisation
950,I-Organisation
951,O
952,O
953,B-Person
954,I-Person
955,O
956,O
957,O
958,O
959,O
960,O
961,B-Organisation
962,O
963,O
964,O
965,B-Organisation
966,I-Organisation
967,O
968,B-Location
969,O
970,O
971,O
972,O
973,O
974,O
975,O
976,O
977,O
978,B-Location
979,O
980,B-Temporal
981,O
982,O
983,O
984,O
985,O
986,O
987,O
988,B-Location
989,O
990,O
991,B-Person
992,I-Person
993,I-Person
994,I-Person
995,I-Person
996,I-Person
997,I-Person
998,I-Person
999,O
1000,B-Person
1001,I-Person
1002,I-Person
1003,O
1004,O
1005,O
1006,O
1007,B-Person
1008,O
1009,B-Person
1010,O
1011,O
1012,O
1013,B-Person
1014,O
1015,O
1016,O
1017,O
1018,O
1019,O
1020,O
1021,B-Person
1022,O
1023,O
1024,O
1025,O
1026,O
1027,O
1028,O
1029,B-Person
1030,O
1031,O
1032,O
1033,O
1034,O
1035,B-Person
1036,O
1037,O
1038,O
1039,O
1040,O
1041,B-Person
1042,O
1043,O
1044,O
1045,O
1046,O
1047,O
1048,O
1049,O
1050,O
1051,O
1052,O
1053,O
1054,O
1055,O
1056,O
1057,O
1058,O
1059,O
1060,O
1061,O
1062,O
1063,O
1064,B-Person
1065,I-Person
1066,I-Person
1067,I-Person
1068,O
1069,O
1070,O
1071,O
1072,O
1073,O
1074,O
1075,O
1076,O
1077,B-Organisation
1078,I-Organisation
1079,I-Organisation
1080,O
1081,O
1082,O
1083,O
1084,B-Location
1085,I-Location
1086,O
1087,O
1088,O
1089,O
1090,O
1091,B-Organisation
1092,I-Organisation
1093,I-Organisation
1094,O
1095,O
1096,O
1097,O
1098,O
1099,B-Organisation
1100,O
1101,O
1102,O
1103,O
1104,O
1105,O
1106,O
1107,O
1108,O
1109,O
1110,O
1111,O
1112,O
1113,O
1114,O
1115,O
1116,O
1117,O
1118,O
1119,O
1120,B-Person
1121,I-Person
1122,I-Person
1123,I-Person
1124,I-Person
1125,O
1126,B-Person
1127,I-Person
1128,I-Person
1129,I-Person
1130,I-Person
1131,I-Person
1132,O
1133,B-Organisation
1134,I-Organisation
1135,I-Organisation
1136,I-Organisation
1137,O
1138,B-Temporal
1139,O
1140,B-Organisation
1141,I-Organisation
1142,I-Organisation
1143,O
1144,O
1145,O
1146,B-Quantity
1147,I-Quantity
1148,I-Quantity
1149,O
1150,B-Organisation
1151,I-Organisation
1152,I-Organisation
1153,I-Organisation
1154,I-Organisation
1155,I-Organisation
1156,O
1157,O
1158,O
1159,O
1160,O
1161,O
1162,O
1163,O
1164,O
1165,B-Organisation
1166,I-Organisation
1167,I-Organisation
1168,I-Organisation
1169,I-Organisation
1170,O
1171,O
1172,O
1173,O
1174,B-Organisation
1175,I-Organisation
1176,I-Organisation
1177,I-Organisation
1178,I-Organisation
1179,O
1180,O
1181,O
1182,O
1183,O
1184,O
1185,O
1186,O
1187,O
1188,O
1189,O
1190,O
1191,O
1192,O
1193,O
1194,O
1195,B-Organisation
1196,I-Organisation
1197,I-Organisation
1198,I-Organisation
1199,O
1200,O
1201,O
1202,O
1203,O
1204,O
1205,B-Location
1206,O
1207,B-Location
1208,O
1209,O
1210,O
1211,O
1212,O
1213,O
1214,O
1215,O
1216,O
1217,O
1218,O
1219,O
1220,B-Person
1221,I-Person
1222,I-Person
1223,O
1224,O
1225,B-Organisation
1226,I-Organisation
1227,O
1228,O
1229,O
1230,O
1231,O
1232,O
1233,O
1234,O
1235,O
1236,O
1237,O
1238,O
1239,B-Organisation
1240,I-Organisation
1241,O
1242,O
1243,O
1244,O
1245,B-Organisation
1246,I-Organisation
1247,I-Organisation
1248,O
1249,O
1250,O
1251,O
1252,B-Organisation
1253,I-Organisation
1254,I-Organisation
1255,I-Organisation
1256,O
1257,O
1258,O
1259,O
1260,O
1261,O
1262,O
1263,O
1264,O
1265,O
1266,O
1267,O
1268,O
1269,O
1270,O
1271,O
1272,O
1273,B-Location
1274,O
1275,O
1276,O
1277,O
1278,B-Location
1279,O
1280,O
1281,B-Organisation
1282,O
1283,O
1284,O
1285,O
1286,O
1287,O
1288,B-Organisation
1289,I-Organisation
1290,O
1291,O
1292,O
1293,O
1294,O
1295,O
1296,O
1297,O
1298,O
1299,O
1300,O
1301,O
1302,O
1303,O
1304,O
1305,O
1306,B-Organisation
1307,I-Organisation
1308,O
1309,O
1310,O
1311,B-Person
1312,O
1313,O
1314,O
1315,O
1316,O
1317,O
1318,O
1319,O
1320,B-Temporal
1321,I-Temporal
1322,O
1323,O
1324,O
1325,O
1326,O
1327,O
1328,O
1329,B-Organisation
1330,O
1331,O
1332,O
1333,O
1334,O
1335,O
1336,O
1337,O
1338,O
1339,O
1340,B-Person
1341,O
1342,O
1343,O
1344,O
1345,O
1346,O
1347,O
1348,O
1349,B-Person
1350,O
1351,O
1352,O
1353,B-Location
1354,O
1355,O
1356,O
1357,O
1358,O
1359,B-Organisation
1360,I-Organisation
1361,I-Organisation
1362,O
1363,O
1364,O
1365,B-Temporal
1366,I-Temporal
1367,O
1368,O
1369,B-Person
1370,I-Person
1371,I-Person
1372,O
1373,O
1374,B-Organisation
1375,I-Organisation
1376,I-Organisation
1377,I-Organisation
1378,O
1379,O
1380,O
1381,O
1382,B-Organisation
1383,I-Organisation
1384,I-Organisation
1385,I-Organisation
1386,I-Organisation
1387,O
1388,O
1389,O
1390,B-Organisation
1391,O
1392,O
1393,O
1394,O
1395,O
1396,O
1397,O
1398,O
1399,O
1400,O
1401,O
1402,O
1403,O
1404,O
1405,O
1406,O
1407,B-Location
1408,I-Location
1409,I-Location
1410,O
1411,O
1412,O
1413,O
1414,O
1415,O
1416,O
1417,O
1418,O
1419,O
1420,O
1421,O
1422,O
1423,O
1424,O
1425,O
1426,B-Organisation
1427,I-Organisation
1428,O
1429,O
1430,O
1431,O
1432,O
1433,O
1434,O
1435,O
1436,O
1437,O
1438,O
1439,O
1440,O
1441,O
1442,O
1443,O
1444,O
1445,O
1446,B-Organisation
1447,I-Organisation
1448,I-Organisation
1449,O
1450,O
1451,O
1452,O
1453,O
1454,O
1455,O
1456,O
1457,O
1458,O
1459,O
1460,B-Location
1461,I-Location
1462,O
1463,O
1464,O
1465,O
1466,O
1467,O
1468,O
1469,O
1470,O
1471,O
1472,O
1473,O
1474,O
1475,O
1476,O
1477,B-Organisation
1478,I-Organisation
1479,I-Organisation
1480,O
1481,O
1482,O
1483,O
1484,O
1485,O
1486,O
1487,O
1488,B-Organisation
1489,I-Organisation
1490,I-Organisation
1491,O
1492,O
1493,O
1494,O
1495,O
1496,B-Organisation
1497,I-Organisation
1498,I-Organisation
1499,O
1500,O
1501,O
1502,O
1503,O
1504,O
1505,O
1506,O
1507,O
1508,O
1509,O
1510,B-Location
1511,I-Location
1512,O
1513,O
1514,O
1515,O
1516,O
1517,O
1518,O
1519,O
1520,O
1521,O
1522,O
1523,O
1524,O
1525,O
1526,B-Organisation
1527,O
1528,O
1529,O
1530,O
1531,B-Organisation
1532,I-Organisation
1533,O
1534,O
1535,O
1536,O
1537,O
1538,O
1539,O
1540,O
1541,O
1542,O
1543,O
1544,O
1545,O
1546,O
1547,O
1548,O
1549,O
1550,B-Organisation
1551,O
1552,O
1553,B-Location
1554,I-Location
1555,O
1556,B-Location
1557,I-Location
1558,O
1559,O
1560,O
1561,O
1562,O
1563,O
1564,O
1565,O
1566,O
1567,O
1568,O
1569,O
1570,O
1571,O
1572,O
1573,O
1574,O
1575,O
1576,O
1577,O
1578,O
1579,O
1580,O
1581,O
1582,O
1583,O
1584,O
1585,O
1586,O
1587,O
1588,O
1589,O
1590,O
1591,O
1592,O
1593,O
1594,O
1595,O
1596,B-Temporal
1597,I-Temporal
1598,I-Temporal
1599,I-Temporal
1600,I-Temporal
1601,I-Temporal
1602,I-Temporal
1603,O
1604,O
1605,O
1606,O
1607,O
1608,O
1609,O
1610,O
1611,O
1612,O
1613,O
1614,O
1615,O
1616,O
1617,O
1618,O
1619,B-Person
1620,O
1621,O
1622,O
1623,O
1624,O
1625,O
1626,O
1627,O
1628,O
1629,O
1630,O
1631,O
1632,O
1633,B-Person
1634,B-Temporal
1635,O
1636,B-Organisation
1637,O
1638,O
1639,B-Quantity
1640,B-Weapon
1641,O
1642,B-Location
1643,I-Location
1644,I-Location
1645,O
1646,O
1647,O
1648,O
1649,O
1650,O
1651,O
1652,O
1653,O
1654,O
1655,O
1656,O
1657,O
1658,O
1659,O
1660,O
1661,O
1662,O
1663,O
1664,O
1665,O
1666,O
1667,O
1668,B-Organisation
1669,I-Organisation
1670,I-Organisation
1671,O
1672,O
1673,B-Organisation
1674,I-Organisation
1675,I-Organisation
1676,I-Organisation
1677,I-Organisation
1678,O
1679,O
1680,O
1681,O
1682,O
1683,O
1684,B-Organisation
1685,I-Organisation
1686,I-Organisation
1687,O
1688,B-Location
1689,O
1690,O
1691,O
1692,O
1693,O
1694,O
1695,O
1696,O
1697,O
1698,O
1699,O
1700,O
1701,O
1702,O
1703,O
1704,O
1705,B-Person
1706,I-Person
1707,O
1708,O
1709,O
1710,O
1711,O
1712,O
1713,O
1714,B-Person
1715,I-Person
1716,I-Person
1717,I-Person
1718,O
1719,O
1720,O
1721,O
1722,B-Person
1723,O
1724,O
1725,B-Organisation
1726,I-Organisation
1727,O
1728,O
1729,O
1730,O
1731,O
1732,O
1733,B-Organisation
1734,I-Organisation
1735,I-Organisation
1736,I-Organisation
1737,I-Organisation
1738,O
1739,B-Location
1740,O
1741,B-Location
1742,I-Location
1743,I-Location
1744,O
1745,O
1746,B-Person
1747,I-Person
1748,I-Person
1749,O
1750,O
1751,B-Organisation
1752,I-Organisation
1753,O
1754,O
1755,O
1756,O
1757,B-Location
1758,B-Person
1759,B-Temporal
1760,O
1761,O
1762,O
1763,B-Organisation
1764,I-Organisation
1765,I-Organisation
1766,I-Organisation
1767,O
1768,O
1769,O
1770,O
1771,O
1772,O
1773,O
1774,O
1775,O
1776,O
1777,O
1778,O
1779,O
1780,B-Location
1781,I-Location
1782,O
1783,O
1784,O
1785,O
1786,O
1787,O
1788,O
1789,B-Temporal
1790,I-Temporal
1791,O
1792,O
1793,O
1794,O
1795,O
1796,O
1797,O
1798,O
1799,O
1800,O
1801,O
1802,O
1803,O
1804,O
1805,O
1806,O
1807,B-Person
1808,O
1809,B-Person
1810,O
1811,O
1812,O
1813,O
1814,O
1815,B-Temporal
1816,I-Temporal
1817,I-Temporal
1818,O
1819,O
1820,O
1821,O
1822,O
1823,O
1824,O
1825,O
1826,O
1827,O
1828,O
1829,O
1830,O
1831,O
1832,O
1833,O
1834,O
1835,O
1836,O
1837,O
1838,O
1839,O
1840,O
1841,O
1842,O
1843,B-Organisation
1844,I-Organisation
1845,I-Organisation
1846,I-Organisation
1847,O
1848,B-Organisation
1849,I-Organisation
1850,O
1851,O
1852,O
1853,B-Organisation
1854,O
1855,O
1856,B-Location
1857,I-Location
1858,O
1859,B-Location
1860,I-Location
1861,I-Location
1862,I-Location
1863,O
1864,O
1865,O
1866,O
1867,O
1868,O
1869,B-Temporal
1870,I-Temporal
1871,I-Temporal
1872,I-Temporal
1873,I-Temporal
1874,I-Temporal
1875,O
1876,O
1877,O
1878,O
1879,O
1880,O
1881,O
1882,O
1883,O
1884,O
1885,O
1886,O
1887,O
1888,B-Location
1889,O
1890,B-Person
1891,I-Person
1892,I-Person
1893,O
1894,O
1895,B-Organisation
1896,I-Organisation
1897,I-Organisation
1898,O
1899,O
1900,O
1901,B-Location
1902,O
1903,O
1904,O
1905,O
1906,B-Location
1907,O
1908,O
1909,B-Temporal
1910,I-Temporal
1911,O
1912,B-Person
1913,I-Person
1914,I-Person
1915,I-Person
1916,O
1917,O
1918,O
1919,O
1920,B-Organisation
1921,I-Organisation
1922,I-Organisation
1923,I-Organisation
1924,O
1925,O
1926,O
1927,O
1928,O
1929,O
1930,O
1931,O
1932,O
1933,O
1934,O
1935,O
1936,O
1937,O
1938,O
1939,B-Location
1940,I-Location
1941,I-Location
1942,O
1943,O
1944,O
1945,O
1946,O
1947,O
1948,O
1949,B-Person
1950,I-Person
1951,I-Person
1952,O
1953,B-Organisation
1954,I-Organisation
1955,I-Organisation
1956,I-Organisation
1957,O
1958,O
1959,O
1960,O
1961,O
1962,O
1963,O
1964,O
1965,O
1966,O
1967,O
1968,O
1969,O
1970,O
1971,O
1972,O
1973,O
1974,B-Organisation
1975,O
1976,O
1977,O
1978,O
1979,O
1980,O
1981,B-Organisation
1982,I-Organisation
1983,I-Organisation
1984,O
1985,O
1986,O
1987,O
1988,O
1989,B-Organisation
1990,O
1991,O
1992,B-Organisation
1993,I-Organisation
1994,I-Organisation
1995,I-Organisation
1996,O
1997,O
1998,O
1999,O
2000,O
2001,B-Organisation
2002,I-Organisation
2003,O
2004,O
2005,O
2006,O
2007,B-Location
2008,I-Location
2009,I-Location
2010,O
2011,O
2012,O
2013,O
2014,O
2015,O
2016,O
2017,O
2018,O
2019,B-Person
2020,I-Person
2021,I-Person
2022,I-Person
2023,I-Person
2024,O
2025,B-Person
2026,I-Person
2027,I-Person
2028,I-Person
2029,I-Person
2030,I-Person
2031,O
2032,B-Organisation
2033,I-Organisation
2034,O
2035,B-Location
2036,O
2037,B-Temporal
2038,I-Temporal
2039,O
2040,O
2041,O
2042,O
2043,O
2044,O
2045,O
2046,B-Location
2047,O
2048,O
2049,B-Location
2050,O
2051,O
2052,O
2053,O
2054,O
2055,O
2056,O
2057,O
2058,O
2059,O
2060,O
2061,O
2062,O
2063,O
2064,O
2065,O
2066,O
2067,O
2068,O
2069,B-Organisation
2070,I-Organisation
2071,I-Organisation
2072,I-Organisation
2073,O
2074,O
2075,O
2076,O
2077,O
2078,O
2079,O
2080,O
2081,O
2082,O
2083,O
2084,B-Organisation
2085,O
2086,O
2087,O
2088,O
2089,B-Organisation
2090,I-Organisation
2091,O
2092,B-Location
2093,O
2094,B-Location
2095,O
2096,O
2097,O
2098,O
2099,O
2100,O
2101,O
2102,O
2103,O
2104,B-Organisation
2105,I-Organisation
2106,O
2107,O
2108,B-Organisation
2109,I-Organisation
2110,O
2111,O
2112,O
2113,O
2114,O
2115,O
2116,O
2117,O
2118,O
2119,O
2120,O
2121,B-Organisation
2122,I-Organisation
2123,I-Organisation
2124,O
2125,O
2126,O
2127,O
2128,O
2129,O
2130,O
2131,O
2132,O
2133,O
2134,O
2135,O
2136,O
2137,O
2138,O
2139,O
2140,O
2141,O
2142,O
2143,O
2144,O
2145,O
2146,O
2147,O
2148,O
2149,O
2150,O
2151,O
2152,O
2153,O
2154,O
2155,B-Location
2156,O
2157,B-Person
2158,I-Person
2159,I-Person
2160,I-Person
2161,O
2162,B-Person
2163,I-Person
2164,O
2165,O
2166,O
2167,O
2168,B-Organisation
2169,O
2170,B-Organisation
2171,I-Organisation
2172,O
2173,O
2174,O
2175,O
2176,O
2177,O
2178,O
2179,O
2180,O
2181,O
2182,O
2183,O
2184,O
2185,O
2186,O
2187,O
2188,O
2189,O
2190,B-Organisation
2191,O
2192,O
2193,B-Organisation
2194,O
2195,O
2196,O
2197,O
2198,O
2199,O
2200,O
2201,O
2202,O
2203,O
2204,O
2205,O
2206,O
2207,B-Temporal
2208,I-Temporal
2209,O
2210,B-Quantity
2211,O
2212,O
2213,O
2214,O
2215,O
2216,O
2217,O
2218,O
2219,O
2220,O
2221,O
2222,O
2223,O
2224,B-Organisation
2225,I-Organisation
2226,O
2227,B-Temporal
2228,I-Temporal
2229,I-Temporal
2230,O
2231,B-Organisation
2232,I-Organisation
2233,I-Organisation
2234,I-Organisation
2235,I-Organisation
2236,I-Organisation
2237,I-Organisation
2238,I-Organisation
2239,I-Organisation
2240,I-Organisation
2241,O
2242,O
2243,O
2244,O
2245,O
2246,O
2247,O
2248,O
2249,O
2250,O
2251,O
2252,O
2253,O
2254,O
2255,O
2256,O
2257,B-Organisation
2258,O
2259,B-Person
2260,O
2261,O
2262,O
2263,O
2264,B-Location
2265,O
2266,O
2267,O
2268,O
2269,O
2270,O
2271,O
2272,O
2273,O
2274,O
2275,O
2276,O
2277,O
2278,O
2279,O
2280,O
2281,O
2282,O
2283,O
2284,O
2285,O
2286,B-Organisation
2287,I-Organisation
2288,O
2289,B-Location
2290,O
2291,O
2292,O
2293,B-Location
2294,I-Location
2295,I-Location
2296,I-Location
2297,O
2298,O
2299,B-Organisation
2300,I-Organisation
2301,O
2302,O
2303,O
2304,O
2305,O
2306,B-Organisation
2307,I-Organisation
2308,O
2309,O
2310,O
2311,O
2312,O
2313,O
2314,O
2315,O
2316,O
2317,B-Person
2318,I-Person
2319,I-Person
2320,I-Person
2321,I-Person
2322,O
2323,B-Person
2324,I-Person
2325,O
2326,O
2327,B-Organisation
2328,O
2329,B-Temporal
2330,I-Temporal
2331,O
2332,B-Location
2333,O
2334,B-Temporal
2335,I-Temporal
2336,I-Temporal
2337,I-Temporal
2338,I-Temporal
2339,O
2340,B-Person
2341,I-Person
2342,I-Person
2343,I-Person
2344,O
2345,B-Person
2346,I-Person
2347,I-Person
2348,O
2349,O
2350,B-Person
2351,I-Person
2352,O
2353,O
2354,O
2355,B-Person
2356,I-Person
2357,I-Person
2358,I-Person
2359,O
2360,B-Person
2361,O
2362,O
2363,O
2364,O
2365,O
2366,O
2367,O
2368,O
2369,O
2370,O
2371,O
2372,B-Person
2373,O
2374,O
2375,O
2376,B-Person
2377,I-Person
2378,O
2379,O
2380,O
2381,O
2382,B-Location
2383,O
2384,I-Quantity
2385,I-Quantity
2386,O
2387,O
2388,O
2389,O
2390,O
2391,O
2392,O
2393,O
2394,O
2395,O
2396,O
2397,O
2398,O
2399,O
2400,O
2401,O
2402,O
2403,O
2404,O
2405,O
2406,B-Nationality
2407,O
2408,O
2409,O
2410,O
2411,O
2412,O
2413,B-Quantity
2414,O
2415,O
2416,O
2417,O
2418,B-Quantity
2419,I-Quantity
2420,I-Quantity
2421,I-Quantity
2422,O
2423,O
2424,O
2425,B-Quantity
2426,I-Quantity
2427,I-Quantity
2428,I-Quantity
2429,B-Location
2430,O
2431,O
2432,O
2433,O
2434,O
2435,O
2436,B-Location
2437,I-Location
2438,O
2439,B-Location
2440,I-Location
2441,I-Location
2442,O
2443,O
2444,O
2445,O
2446,B-Quantity
2447,I-Quantity
2448,I-Quantity
2449,I-Quantity
2450,O
2451,O
2452,O
2453,B-Quantity
2454,I-Quantity
2455,I-Quantity
2456,I-Quantity
2457,I-Quantity
2458,O
2459,O
2460,O
2461,O
2462,B-Location
2463,I-Location
2464,O
2465,B-Location
2466,I-Location
2467,O
2468,O
2469,O
2470,O
2471,O
2472,O
2473,O
2474,O
2475,O
2476,O
2477,O
2478,O
2479,O
2480,O
2481,O
2482,O
2483,O
2484,B-Person
2485,I-Person
2486,O
2487,O
2488,O
2489,O
2490,B-Organisation
2491,I-Organisation
2492,I-Organisation
2493,I-Organisation
2494,I-Organisation
2495,I-Organisation
2496,O
2497,B-Temporal
2498,I-Temporal
2499,O
2500,O
2501,O
2502,O
2503,B-Organisation
2504,O
2505,O
2506,O
2507,B-Location
2508,O
2509,O
2510,O
2511,O
2512,O
2513,O
2514,O
2515,O
2516,O
2517,O
2518,B-Organisation
2519,O
2520,B-Person
2521,I-Person
2522,O
2523,O
2524,O
2525,O
2526,O
2527,O
2528,O
2529,O
2530,O
2531,O
2532,B-Location
2533,I-Location
2534,O
2535,O
2536,O
2537,O
2538,O
2539,O
2540,B-Person
2541,I-Person
2542,I-Person
2543,I-Person
2544,I-Person
2545,O
2546,O
2547,B-Organisation
2548,O
2549,O
2550,O
2551,O
2552,O
2553,O
2554,O
2555,O
2556,O
2557,O
2558,O
2559,O
2560,B-Person
2561,O
2562,O
2563,O
2564,O
2565,B-Person
2566,O
2567,O
2568,O
2569,O
2570,O
2571,O
2572,O
2573,O
2574,O
2575,O
2576,O
2577,O
2578,O
2579,B-Organisation
2580,I-Organisation
2581,I-Organisation
2582,I-Organisation
2583,O
2584,O
2585,O
2586,O
2587,O
2588,O
2589,O
2590,O
2591,O
2592,O
2593,O
2594,O
2595,O
2596,O
2597,O
2598,O
2599,O
2600,O
2601,B-Organisation
2602,I-Organisation
2603,O
2604,O
2605,O
2606,O
2607,O
2608,O
2609,O
2610,O
2611,O
2612,O
2613,O
2614,O
2615,O
2616,O
2617,O
2618,O
2619,O
2620,B-Organisation
2621,I-Organisation
2622,I-Organisation
2623,I-Organisation
2624,I-Organisation
2625,O
2626,O
2627,O
2628,O
2629,O
2630,O
2631,O
2632,O
2633,O
2634,O
2635,O
2636,B-Temporal
2637,O
2638,B-Location
2639,I-Location
2640,O
2641,O
2642,O
2643,O
2644,O
2645,O
2646,O
2647,B-Quantity
2648,B-Organisation
2649,I-Organisation
2650,O
2651,O
2652,O
2653,O
2654,O
2655,O
2656,O
2657,O
2658,O
2659,O
2660,O
2661,B-Organisation
2662,I-Organisation
2663,I-Organisation
2664,I-Organisation
2665,I-Organisation
2666,O
2667,O
2668,O
2669,O
2670,O
2671,O
2672,O
2673,B-Organisation
2674,O
2675,O
2676,O
2677,B-Organisation
2678,I-Organisation
2679,I-Organisation
2680,I-Organisation
2681,I-Organisation
2682,O
2683,O
2684,O
2685,B-Person
2686,I-Person
2687,O
2688,B-Organisation
2689,I-Organisation
2690,I-Organisation
2691,O
2692,O
2693,O
2694,B-Organisation
2695,I-Organisation
2696,O
2697,O
2698,B-Organisation
2699,I-Organisation
2700,O
2701,B-Location
2702,I-Location
2703,I-Location
2704,I-Location
2705,O
2706,O
2707,B-Location
2708,O
2709,B-Quantity
2710,I-Quantity
2711,O
2712,O
2713,O
2714,B-Location
2715,O
2716,O
2717,O
2718,O
2719,O
2720,O
2721,B-Location
2722,I-Location
2723,O
2724,B-Organisation
2725,O
2726,O
2727,O
2728,B-Organisation
2729,I-Organisation
2730,I-Organisation
2731,I-Organisation
2732,O
2733,O
2734,O
2735,O
2736,O
2737,O
2738,O
2739,O
2740,O
2741,B-Organisation
2742,O
2743,B-Person
2744,O
2745,O
2746,O
2747,O
2748,O
2749,O
2750,B-Location
2751,I-Location
2752,I-Location
2753,O
2754,B-Location
2755,O
2756,B-Location
2757,I-Location
2758,I-Location
2759,O
2760,O
2761,O
2762,O
2763,O
2764,B-Organisation
2765,O
2766,O
2767,O
2768,O
2769,B-Location
2770,I-Location
2771,I-Location
2772,O
2773,O
2774,O
2775,B-Location
2776,I-Location
2777,O
2778,B-Location
2779,I-Location
2780,I-Location
2781,O
2782,O
2783,B-Location
2784,I-Location
2785,O
2786,O
2787,O
2788,O
2789,O
2790,O
2791,O
2792,O
2793,B-Location
2794,I-Location
2795,I-Location
2796,O
2797,B-Organisation
2798,I-Organisation
2799,I-Organisation
2800,O
2801,O
2802,O
2803,O
2804,O
2805,O
2806,O
2807,O
2808,O
2809,O
2810,O
2811,B-Temporal
2812,I-Temporal
2813,O
2814,O
2815,O
2816,O
2817,O
2818,B-Organisation
2819,I-Organisation
2820,O
2821,B-Person
2822,O
2823,O
2824,O
2825,O
2826,O
2827,O
2828,B-Organisation
2829,I-Organisation
2830,I-Organisation
2831,O
2832,O
2833,O
2834,O
2835,B-Organisation
2836,O
2837,O
2838,O
2839,O
2840,O
2841,O
2842,O
2843,O
2844,O
2845,O
2846,O
2847,O
2848,O
2849,O
2850,O
2851,O
2852,O
2853,O
2854,O
2855,O
2856,O
2857,O
2858,O
2859,O
2860,O
2861,O
2862,O
2863,O
2864,O
2865,O
2866,O
2867,O
2868,O
2869,B-Organisation
2870,I-Organisation
2871,I-Organisation
2872,O
2873,O
2874,O
2875,O
2876,O
2877,O
2878,O
2879,O
2880,O
2881,O
2882,O
2883,O
2884,O
2885,B-Location
2886,O
2887,O
2888,O
2889,O
2890,O
2891,O
2892,O
2893,O
2894,B-Organisation
2895,I-Organisation
2896,I-Organisation
2897,O
2898,O
2899,O
2900,O
2901,O
2902,O
2903,O
2904,B-Organisation
2905,I-Organisation
2906,I-Organisation
2907,I-Organisation
2908,I-Organisation
2909,O
2910,B-Organisation
2911,I-Organisation
2912,I-Organisation
2913,O
2914,O
2915,O
2916,B-Organisation
2917,I-Organisation
2918,O
2919,O
2920,O
2921,O
2922,O
2923,O
2924,O
2925,O
2926,O
2927,O
2928,B-Location
2929,I-Location
2930,O
2931,O
2932,O
2933,O
2934,B-Location
2935,I-Location
2936,O
2937,O
2938,O
2939,O
2940,O
2941,O
2942,O
2943,O
2944,O
2945,O
2946,O
2947,B-Quantity
2948,O
2949,O
2950,O
2951,B-Quantity
2952,I-Quantity
2953,O
2954,B-Quantity
2955,I-Quantity
2956,O
2957,B-Quantity
2958,I-Quantity
2959,O
2960,B-Quantity
2961,O
2962,O
2963,O
2964,O
2965,O
2966,O
2967,B-Quantity
2968,O
2969,O
2970,O
2971,O
2972,O
2973,B-Person
2974,O
2975,O
2976,O
2977,O
2978,O
2979,O
2980,O
2981,O
2982,O
2983,O
2984,O
2985,O
2986,O
2987,O
2988,O
2989,O
2990,O
2991,B-Organisation
2992,I-Organisation
2993,I-Organisation
2994,O
2995,B-Organisation
2996,O
2997,O
2998,O
2999,O
3000,O
3001,O
3002,O
3003,O
3004,O
3005,B-Person
3006,O
3007,O
3008,O
3009,O
3010,O
3011,O
3012,O
3013,O
3014,O
3015,O
3016,B-Organisation
3017,I-Organisation
3018,O
3019,O
3020,B-Location
3021,I-Location
3022,I-Location
3023,I-Location
3024,O
3025,O
3026,O
3027,O
3028,B-Organisation
3029,I-Organisation
3030,O
3031,O
3032,O
3033,O
3034,O
3035,O
3036,O
3037,O
3038,O
3039,O
3040,B-Location
3041,O
3042,O
3043,O
3044,O
3045,O
3046,O
3047,O
3048,O
3049,O
3050,O
3051,O
3052,O
3053,O
3054,O
3055,O
3056,B-Organisation
3057,I-Organisation
3058,I-Organisation
3059,O
3060,O
3061,O
3062,O
3063,O
3064,O
3065,B-Organisation
3066,O
3067,O
3068,O
3069,O
3070,O
3071,O
3072,O
3073,B-Location
3074,I-Location
3075,O
3076,O
3077,O
3078,O
3079,O
3080,O
3081,O
3082,O
3083,B-Organisation
3084,I-Organisation
3085,B-Person
3086,O
3087,O
3088,O
3089,O
3090,O
3091,O
3092,O
3093,B-Location
3094,I-Location
3095,O
3096,B-Organisation
3097,O
3098,O
3099,B-Location
3100,I-Location
3101,O
3102,O
3103,O
3104,O
3105,O
3106,O
3107,O
3108,O
3109,O
3110,O
3111,O
3112,B-Location
3113,I-Location
3114,I-Location
3115,O
3116,O
3117,O
3118,O
3119,O
3120,O
3121,O
3122,O
3123,O
3124,O
3125,O
3126,O
3127,O
3128,O
3129,O
3130,O
3131,O
3132,O
3133,O
3134,O
3135,O
3136,O
3137,O
3138,O
3139,O
3140,O
3141,O
3142,O
3143,O
3144,O
3145,O
3146,O
3147,O
3148,O
3149,O
3150,O
3151,B-Location
3152,I-Location
3153,I-Location
3154,I-Location
3155,O
3156,B-Location
3157,I-Location
3158,O
3159,O
3160,B-Organisation
3161,I-Organisation
3162,I-Organisation
3163,I-Organisation
3164,O
3165,O
3166,O
3167,O
3168,O
3169,O
3170,O
3171,O
3172,B-Organisation
3173,O
3174,O
3175,O
3176,O
3177,O
3178,O
3179,O
3180,O
3181,O
3182,O
3183,O
3184,O
3185,B-Organisation
3186,I-Organisation
3187,I-Organisation
3188,O
3189,O
3190,O
3191,O
3192,B-Person
3193,O
3194,O
3195,O
3196,O
3197,O
3198,O
3199,O
3200,B-Location
3201,I-Location
3202,O
3203,O
3204,O
3205,O
3206,B-Person
3207,O
3208,O
3209,B-Person
3210,O
3211,B-Quantity
3212,I-Quantity
3213,O
3214,O
3215,O
3216,O
3217,O
3218,O
3219,O
3220,B-Person
3221,O
3222,O
3223,O
3224,O
3225,O
3226,O
3227,O
3228,B-Quantity
3229,I-Quantity
3230,I-Quantity
3231,I-Quantity
3232,B-Organisation
3233,O
3234,O
3235,O
3236,B-Location
3237,O
3238,B-Location
3239,O
3240,B-Organisation
3241,O
3242,O
3243,O
3244,O
3245,O
3246,O
3247,O
3248,O
3249,O
3250,O
3251,O
3252,O
3253,O
3254,O
3255,O
3256,O
3257,O
3258,O
3259,O
3260,O
3261,O
3262,O
3263,O
3264,O
3265,O
3266,O
3267,O
3268,O
3269,O
3270,O
3271,O
3272,O
3273,O
3274,O
3275,O
3276,O
3277,O
3278,O
3279,O
3280,O
3281,O
3282,O
3283,O
3284,O
3285,O
3286,O
3287,O
3288,B-Location
3289,I-Location
3290,O
3291,O
3292,O
3293,O
3294,O
3295,O
3296,O
3297,O
3298,O
3299,O
3300,B-Location
3301,O
3302,O
3303,B-Organisation
3304,O
3305,O
3306,B-Organisation
3307,I-Organisation
3308,I-Organisation
3309,I-Organisation
3310,I-Organisation
3311,O
3312,O
3313,O
3314,O
3315,O
3316,O
3317,B-Location
3318,O
3319,O
3320,O
3321,O
3322,O
3323,O
3324,O
3325,O
3326,O
3327,O
3328,O
3329,O
3330,O
3331,O
3332,O
3333,O
3334,O
3335,O
3336,O
3337,O
3338,O
3339,O
3340,O
3341,O
3342,O
3343,O
3344,O
3345,B-Quantity
3346,O
3347,O
3348,O
3349,O
3350,O
3351,O
3352,O
3353,O
3354,O
3355,O
3356,O
3357,O
3358,O
3359,B-Location
3360,I-Location
3361,O
3362,O
3363,O
3364,O
3365,O
3366,O
3367,O
3368,O
3369,O
3370,O
3371,O
3372,O
3373,O
3374,O
3375,O
3376,O
3377,O
3378,O
3379,O
3380,O
3381,O
3382,O
3383,O
3384,O
3385,O
3386,O
3387,B-Organisation
3388,I-Organisation
3389,I-Organisation
3390,I-Organisation
3391,O
3392,O
3393,O
3394,B-Person
3395,I-Person
3396,O
3397,O
3398,O
3399,O
3400,O
3401,O
3402,O
3403,O
3404,O
3405,O
3406,O
3407,O
3408,O
3409,O
3410,B-Organisation
3411,O
3412,O
3413,O
3414,O
3415,O
3416,O
3417,O
3418,B-Organisation
3419,I-Organisation
3420,O
3421,O
3422,B-Person
3423,O
3424,B-Organisation
3425,I-Organisation
3426,I-Organisation
3427,I-Organisation
3428,O
3429,O
3430,O
3431,O
3432,O
3433,O
3434,O
3435,O
3436,B-Location
3437,I-Location
3438,O
3439,B-Organisation
3440,I-Organisation
3441,I-Organisation
3442,O
3443,O
3444,O
3445,O
3446,O
3447,O
3448,O
3449,O
3450,O
3451,B-Location
3452,I-Location
3453,O
3454,B-Location
3455,I-Location
3456,O
3457,B-Temporal
3458,O
3459,O
3460,O
3461,O
3462,B-Organisation
3463,I-Organisation
3464,I-Organisation
3465,I-Organisation
3466,O
3467,B-Organisation
3468,I-Organisation
3469,I-Organisation
3470,O
3471,O
3472,O
3473,O
3474,O
3475,O
3476,B-Organisation
3477,I-Organisation
3478,O
3479,O
3480,O
3481,O
3482,B-Location
3483,I-Location
3484,I-Location
3485,I-Location
3486,O
3487,B-Location
3488,O
3489,O
3490,O
3491,O
3492,O
3493,O
3494,O
3495,B-Location
3496,I-Location
3497,O
3498,B-Temporal
3499,O
3500,O
3501,O
3502,O
3503,O
3504,O
3505,O
3506,O
3507,O
3508,B-Organisation
3509,I-Organisation
3510,I-Organisation
3511,O
3512,B-Person
3513,I-Person
3514,O
3515,O
3516,O
3517,O
3518,B-Organisation
3519,I-Organisation
3520,O
3521,O
3522,B-Location
3523,O
3524,B-Organisation
3525,I-Organisation
3526,I-Organisation
3527,I-Organisation
3528,I-Organisation
3529,I-Organisation
3530,I-Organisation
3531,I-Organisation
3532,I-Organisation
3533,I-Organisation
3534,I-Organisation
3535,I-Organisation
3536,I-Organisation
3537,O
3538,O
3539,O
3540,O
3541,O
3542,O
3543,O
3544,O
3545,O
3546,O
3547,O
3548,O
3549,O
3550,O
3551,O
3552,O
3553,O
3554,O
3555,O
3556,O
3557,O
3558,O
3559,O
3560,O
3561,O
3562,O
3563,O
3564,O
3565,O
3566,O
3567,O
3568,O
3569,B-Organisation
3570,O
3571,O
3572,O
3573,O
3574,O
3575,O
3576,O
3577,O
3578,O
3579,O
3580,O
3581,O
3582,O
3583,O
3584,B-Organisation
3585,O
3586,O
3587,O
3588,O
3589,O
3590,B-Person
3591,O
3592,O
3593,B-Person
3594,I-Person
3595,O
3596,O
3597,O
3598,O
3599,B-Organisation
3600,I-Organisation
3601,I-Organisation
3602,O
3603,O
3604,O
3605,O
3606,O
3607,B-Location
3608,O
3609,O
3610,O
3611,O
3612,O
3613,O
3614,O
3615,O
3616,O
3617,B-Location
3618,I-Location
3619,O
3620,B-Location
3621,O
3622,O
3623,O
3624,O
3625,O
3626,O
3627,O
3628,O
3629,O
3630,O
3631,O
3632,O
3633,O
3634,O
3635,O
3636,O
3637,B-Person
3638,O
3639,B-Location
3640,I-Location
3641,O
3642,O
3643,O
3644,B-Location
3645,I-Location
3646,O
3647,O
3648,O
3649,O
3650,O
3651,O
3652,O
3653,O
3654,O
3655,O
3656,O
3657,O
3658,O
3659,O
3660,O
3661,B-Organisation
3662,O
3663,O
3664,O
3665,B-DocumentReference
3666,I-DocumentReference
3667,I-DocumentReference
3668,I-DocumentReference
3669,O
3670,B-DocumentReference
3671,I-DocumentReference
3672,I-DocumentReference
3673,O
3674,O
3675,O
3676,O
3677,O
3678,O
3679,O
3680,O
3681,B-Temporal
3682,O
3683,B-Quantity
3684,O
3685,O
3686,O
3687,O
3688,O
3689,O
3690,O
3691,O
3692,O
3693,O
3694,O
3695,O
3696,O
3697,O
3698,O
3699,O
3700,O
3701,O
3702,O
3703,O
3704,B-Organisation
3705,I-Organisation
3706,O
3707,O
3708,B-Organisation
3709,O
3710,O
3711,O
3712,O
3713,O
3714,O
3715,O
3716,O
3717,O
3718,O
3719,O
3720,O
3721,O
3722,O
3723,O
3724,O
3725,O
3726,O
3727,B-Organisation
3728,I-Organisation
3729,I-Organisation
3730,O
3731,O
3732,O
3733,O
3734,O
3735,O
3736,O
3737,O
3738,B-Location
3739,I-Location
3740,O
3741,O
3742,O
3743,O
3744,O
3745,O
3746,O
3747,O
3748,O
3749,O
3750,O
3751,O
3752,O
3753,O
3754,O
3755,O
3756,O
3757,O
3758,O
3759,O
3760,O
3761,O
3762,O
3763,O
3764,O
3765,O
3766,O
3767,O
3768,O
3769,B-Quantity
3770,O
3771,O
3772,O
3773,O
3774,O
3775,O
3776,O
3777,O
3778,O
3779,O
3780,O
3781,O
3782,O
3783,B-Location
3784,I-Location
3785,O
3786,O
3787,O
3788,O
3789,O
3790,O
3791,O
3792,O
3793,O
3794,O
3795,O
3796,O
3797,O
3798,O
3799,O
3800,O
3801,O
3802,O
3803,O
3804,O
3805,O
3806,O
3807,B-Organisation
3808,O
3809,O
3810,O
3811,O
3812,B-Location
3813,I-Location
3814,O
3815,O
3816,O
3817,O
3818,O
3819,O
3820,O
3821,O
3822,O
3823,O
3824,O
3825,O
3826,O
3827,O
3828,O
3829,O
3830,B-Organisation
3831,I-Organisation
3832,I-Organisation
3833,I-Organisation
3834,O
3835,B-Person
3836,O
3837,B-Organisation
3838,I-Organisation
3839,I-Organisation
3840,I-Organisation
3841,O
3842,B-Organisation
3843,I-Organisation
3844,I-Organisation
3845,I-Organisation
3846,O
3847,O
3848,O
3849,O
3850,O
3851,O
3852,O
3853,O
3854,O
3855,O
3856,O
3857,O
3858,O
3859,O
3860,O
3861,O
3862,O
3863,O
3864,O
3865,O
3866,O
3867,O
3868,O
3869,O
3870,B-Organisation
3871,O
3872,O
3873,O
3874,O
3875,O
3876,O
3877,O
3878,O
3879,O
3880,O
3881,O
3882,O
3883,O
3884,O
3885,O
3886,O
3887,O
3888,O
3889,O
3890,O
3891,O
3892,O
3893,O
3894,O
3895,O
3896,O
3897,O
3898,O
3899,O
3900,O
3901,B-Organisation
3902,O
3903,O
3904,O
3905,O
3906,O
3907,O
3908,B-Person
3909,O
3910,O
3911,O
3912,O
3913,O
3914,O
3915,O
3916,O
3917,O
3918,O
3919,O
3920,O
3921,O
3922,O
3923,B-Organisation
3924,I-Organisation
3925,I-Organisation
3926,O
3927,O
3928,O
3929,O
3930,B-Location
3931,I-Location
3932,O
3933,O
3934,O
3935,O
3936,O
3937,O
3938,O
3939,O
3940,O
3941,O
3942,O
3943,B-Organisation
3944,O
3945,O
3946,O
3947,O
3948,O
3949,O
3950,O
3951,O
3952,O
3953,O
3954,O
3955,O
3956,O
3957,O
3958,O
3959,O
3960,O
3961,O
3962,O
3963,O
3964,O
3965,O
3966,B-Temporal
3967,I-Temporal
3968,O
3969,O
3970,O
3971,O
3972,O
3973,O
3974,O
3975,B-Quantity
3976,I-Quantity
3977,I-Quantity
3978,I-Quantity
3979,I-Quantity
3980,O
3981,O
3982,B-Temporal
3983,I-Temporal
3984,O
3985,B-Organisation
3986,I-Organisation
3987,I-Organisation
3988,O
3989,B-Quantity
3990,O
3991,O
3992,B-Organisation
3993,I-Organisation
3994,O
3995,B-Location
3996,O
3997,B-Location
3998,O
3999,B-Organisation
4000,I-Organisation
4001,O
4002,O
4003,O
4004,O
4005,O
4006,O
4007,B-Temporal
4008,I-Temporal
4009,O
4010,O
4011,O
4012,O
4013,O
4014,O
4015,O
4016,O
4017,O
4018,O
4019,O
4020,O
4021,O
4022,O
4023,O
4024,O
4025,O
4026,O
4027,O
4028,O
4029,B-Location
4030,I-Location
4031,O
4032,O
4033,O
4034,O
4035,O
4036,O
4037,O
4038,O
4039,O
4040,O
4041,O
4042,O
4043,B-Organisation
4044,I-Organisation
4045,O
4046,O
4047,B-Temporal
4048,I-Temporal
4049,O
4050,B-Organisation
4051,I-Organisation
4052,I-Organisation
4053,O
4054,B-Quantity
4055,O
4056,O
4057,B-Organisation
4058,I-Organisation
4059,O
4060,B-Location
4061,O
4062,B-Location
4063,O
4064,B-Person
4065,I-Person
4066,I-Person
4067,I-Person
4068,O
4069,B-Person
4070,I-Person
4071,I-Person
4072,I-Person
4073,O
4074,O
4075,O
4076,O
4077,B-Temporal
4078,I-Temporal
4079,O
4080,O
4081,O
4082,O
4083,O
4084,O
4085,O
4086,O
4087,B-Organisation
4088,O
4089,O
4090,O
4091,O
4092,O
4093,B-Organisation
4094,I-Organisation
4095,I-Organisation
4096,I-Organisation
4097,O
4098,O
4099,O
4100,O
4101,O
4102,O
4103,O
4104,O
4105,O
4106,O
4107,O
4108,O
4109,O
4110,O
4111,O
4112,O
4113,O
4114,O
4115,O
4116,O
4117,O
4118,O
4119,O
4120,O
4121,O
4122,O
4123,O
4124,O
4125,O
4126,O
4127,O
4128,B-Location
4129,O
4130,B-Temporal
4131,I-Temporal
4132,O
4133,B-Person
4134,I-Person
4135,I-Person
4136,O
4137,O
4138,O
4139,O
4140,O
4141,B-Organisation
4142,I-Organisation
4143,I-Organisation
4144,O
4145,O
4146,O
4147,O
4148,O
4149,O
4150,O
4151,O
4152,O
4153,O
4154,O
4155,O
4156,B-Location
4157,I-Location
4158,O
4159,O
4160,O
4161,O
4162,B-Location
4163,I-Location
4164,I-Location
4165,O
4166,O
4167,O
4168,O
4169,B-Person
4170,I-Person
4171,O
4172,B-Organisation
4173,I-Organisation
4174,I-Organisation
4175,O
4176,B-Person
4177,O
4178,B-Organisation
4179,I-Organisation
4180,I-Organisation
4181,I-Organisation
4182,O
4183,O
4184,O
4185,O
4186,B-Temporal
4187,I-Temporal
4188,O
4189,B-Organisation
4190,I-Organisation
4191,I-Organisation
4192,I-Organisation
4193,I-Organisation
4194,O
4195,B-Temporal
4196,I-Temporal
4197,O
4198,B-Temporal
4199,I-Temporal
4200,O
4201,O
4202,O
4203,O
4204,O
4205,O
4206,O
4207,O
4208,B-Location
4209,I-Location
4210,I-Location
4211,O
4212,O
4213,O
4214,O
4215,O
4216,O
4217,O
4218,O
4219,O
4220,O
4221,O
4222,O
4223,O
4224,O
4225,O
4226,O
4227,O
4228,O
4229,O
4230,O
4231,O
4232,O
4233,O
4234,B-Location
4235,O
4236,O
4237,O
4238,O
4239,O
4240,B-Organisation
4241,O
4242,O
4243,O
4244,B-Organisation
4245,I-Organisation
4246,O
4247,B-Location
4248,O
4249,O
4250,O
4251,O
4252,O
4253,O
4254,O
4255,O
4256,O
4257,O
4258,O
4259,O
4260,O
4261,O
4262,O
4263,O
4264,O
4265,O
4266,B-Organisation
4267,I-Organisation
4268,O
4269,O
4270,O
4271,B-Organisation
4272,I-Organisation
4273,I-Organisation
4274,I-Organisation
4275,I-Organisation
4276,O
4277,O
4278,O
4279,O
4280,O
4281,O
4282,O
4283,O
4284,B-Location
4285,I-Location
4286,O
4287,O
4288,O
4289,O
4290,O
4291,O
4292,B-Temporal
4293,O
4294,O
4295,O
4296,O
4297,O
4298,B-Location
4299,O
4300,O
4301,O
4302,O
4303,O
4304,O
4305,O
4306,O
4307,O
4308,O
4309,B-Organisation
4310,O
4311,O
4312,O
4313,B-Location
4314,O
4315,O
4316,O
4317,O
4318,B-Money
4319,I-Money
4320,I-Money
4321,O
4322,O
4323,O
4324,O
4325,O
4326,O
4327,O
4328,O
4329,O
4330,O
4331,B-Organisation
4332,I-Organisation
4333,O
4334,O
4335,O
4336,B-Organisation
4337,I-Organisation
4338,O
4339,O
4340,O
4341,O
4342,B-Organisation
4343,I-Organisation
4344,I-Organisation
4345,O
4346,O
4347,O
4348,O
4349,O
4350,O
4351,O
4352,O
4353,O
4354,O
4355,O
4356,O
4357,O
4358,O
4359,O
4360,O
4361,O
4362,B-Temporal
4363,I-Temporal
4364,O
4365,O
4366,B-Temporal
4367,I-Temporal
4368,O
4369,B-Organisation
4370,I-Organisation
4371,O
4372,O
4373,O
4374,O
4375,O
4376,O
4377,O
4378,O
4379,O
4380,O
4381,B-Location
4382,O
4383,O
4384,B-Location
4385,O
4386,O
4387,O
4388,O
4389,B-Location
4390,O
4391,O
4392,O
4393,O
4394,O
4395,O
4396,B-Location
4397,O
4398,O
4399,O
4400,O
4401,B-Organisation
4402,I-Organisation
4403,O
4404,O
4405,O
4406,O
4407,O
4408,O
4409,O
4410,O
4411,O
4412,O
4413,O
4414,O
4415,O
4416,O
4417,O
4418,B-Location
4419,O
4420,B-Person
4421,O
4422,O
4423,O
4424,O
4425,O
4426,B-Person
4427,O
4428,O
4429,O
4430,O
4431,O
4432,O
4433,O
4434,O
4435,O
4436,O
4437,O
4438,B-Location
4439,O
4440,B-Quantity
4441,O
4442,O
4443,B-Quantity
4444,O
4445,O
4446,O
4447,B-Quantity
4448,B-Organisation
4449,I-Organisation
4450,I-Organisation
4451,O
4452,O
4453,O
4454,O
4455,O
4456,O
4457,O
4458,O
4459,O
4460,O
4461,B-Person
4462,O
4463,B-Person
4464,O
4465,O
4466,O
4467,O
4468,O
4469,O
4470,O
4471,O
4472,B-Organisation
4473,I-Organisation
4474,O
4475,O
4476,O
4477,O
4478,O
4479,O
4480,O
4481,O
4482,O
4483,O
4484,O
4485,O
4486,O
4487,O
4488,O
4489,O
4490,O
4491,O
4492,O
4493,O
4494,O
4495,O
4496,O
4497,O
4498,O
4499,O
4500,O
4501,B-Location
4502,I-Location
4503,O
4504,O
4505,O
4506,O
4507,O
4508,O
4509,O
4510,O
4511,O
4512,O
4513,O
4514,O
4515,O
4516,O
4517,O
4518,O
4519,O
4520,O
4521,O
4522,O
4523,B-Organisation
4524,I-Organisation
4525,O
4526,O
4527,O
4528,O
4529,O
4530,O
4531,O
4532,O
4533,O
4534,O
4535,O
4536,O
4537,O
4538,B-DocumentReference
4539,I-DocumentReference
4540,I-DocumentReference
4541,I-DocumentReference
4542,I-DocumentReference
4543,O
4544,O
4545,O
4546,O
4547,O
4548,O
4549,O
4550,O
4551,O
4552,O
4553,O
4554,O
4555,B-Location
4556,O
4557,O
4558,B-Temporal
4559,I-Temporal
4560,I-Temporal
4561,O
4562,O
4563,O
4564,B-Location
4565,O
4566,B-Organisation
4567,I-Organisation
4568,I-Organisation
4569,O
4570,O
4571,O
4572,O
4573,O
4574,O
4575,O
4576,B-Location
4577,I-Location
4578,I-Location
4579,I-Location
4580,O
4581,O
4582,O
4583,O
4584,O
4585,O
4586,O
4587,O
4588,O
4589,O
4590,B-Location
4591,O
4592,B-Organisation
4593,I-Organisation
4594,I-Organisation
4595,I-Organisation
4596,I-Organisation
4597,I-Organisation
4598,I-Organisation
4599,I-Organisation
4600,I-Organisation
4601,I-Organisation
4602,I-Organisation
4603,I-Organisation
4604,I-Organisation
4605,O
4606,B-Temporal
4607,I-Temporal
4608,I-Temporal
4609,I-Temporal
4610,I-Temporal
4611,O
4612,O
4613,O
4614,O
4615,O
4616,O
4617,B-Organisation
4618,I-Organisation
4619,I-Organisation
4620,I-Organisation
4621,I-Organisation
4622,O
4623,B-Organisation
4624,I-Organisation
4625,O
4626,O
4627,O
4628,O
4629,O
4630,O
4631,O
4632,B-Organisation
4633,I-Organisation
4634,O
4635,O
4636,O
4637,B-Person
4638,I-Person
4639,I-Person
4640,I-Person
4641,I-Person
4642,O
4643,B-Person
4644,I-Person
4645,I-Person
4646,I-Person
4647,I-Person
4648,I-Person
4649,O
4650,O
4651,B-Organisation
4652,O
4653,B-Organisation
4654,I-Organisation
4655,I-Organisation
4656,I-Organisation
4657,I-Organisation
4658,I-Organisation
4659,O
4660,O
4661,B-Organisation
4662,O
4663,O
4664,O
4665,O
4666,O
4667,O
4668,O
4669,O
4670,B-Temporal
4671,I-Temporal
4672,I-Temporal
4673,I-Temporal
4674,O
4675,O
4676,O
4677,O
4678,O
4679,O
4680,O
4681,B-Organisation
4682,I-Organisation
4683,I-Organisation
4684,I-Organisation
4685,O
4686,B-Weapon
4687,I-Weapon
4688,O
4689,O
4690,B-Location
4691,O
4692,O
4693,B-Organisation
4694,O
4695,O
4696,O
4697,O
4698,O
4699,O
4700,O
4701,O
4702,O
4703,O
4704,B-Organisation
4705,I-Organisation
4706,O
4707,O
4708,O
4709,O
4710,O
4711,O
4712,O
4713,B-Location
4714,I-Location
4715,I-Location
4716,I-Location
4717,I-Location
4718,I-Location
4719,O
4720,B-Organisation
4721,I-Organisation
4722,O
4723,O
4724,O
4725,O
4726,O
4727,O
4728,O
4729,O
4730,B-Organisation
4731,I-Organisation
4732,I-Organisation
4733,I-Organisation
4734,I-Organisation
4735,I-Organisation
4736,O
4737,O
4738,O
4739,O
4740,O
4741,B-Location
4742,O
4743,O
4744,O
4745,O
4746,O
4747,O
4748,O
4749,O
4750,O
4751,O
4752,O
4753,O
4754,O
4755,O
4756,O
4757,O
4758,B-Organisation
4759,I-Organisation
4760,I-Organisation
4761,O
4762,O
4763,O
4764,O
4765,O
4766,O
4767,O
4768,O
4769,O
4770,O
4771,B-Organisation
4772,I-Organisation
4773,I-Organisation
4774,I-Organisation
4775,I-Organisation
4776,O
4777,O
4778,O
4779,O
4780,O
4781,B-Organisation
4782,I-Organisation
4783,I-Organisation
4784,O
4785,O
4786,B-Organisation
4787,I-Organisation
4788,I-Organisation
4789,O
4790,O
4791,O
4792,O
4793,O
4794,B-Organisation
4795,O
4796,O
4797,O
4798,O
4799,O
4800,O
4801,O
4802,O
4803,O
4804,O
4805,O
4806,O
4807,O
4808,O
4809,O
4810,O
4811,O
4812,O
4813,O
4814,O
4815,O
4816,O
4817,O
4818,O
4819,O
4820,O
4821,O
4822,O
4823,O
4824,O
4825,O
4826,O
4827,B-Organisation
4828,I-Organisation
4829,I-Organisation
4830,I-Organisation
4831,O
4832,O
4833,O
4834,O
4835,O
4836,O
4837,B-Location
4838,O
4839,B-Location
4840,O
4841,O
4842,O
4843,O
4844,O
4845,O
4846,O
4847,B-Person
4848,O
4849,O
4850,O
4851,O
4852,O
4853,O
4854,O
4855,O
4856,O
4857,O
4858,O
4859,O
4860,B-Person
4861,I-Person
4862,I-Person
4863,I-Person
4864,I-Person
4865,O
4866,O
4867,O
4868,O
4869,B-Temporal
4870,I-Temporal
4871,I-Temporal
4872,O
4873,O
4874,O
4875,O
4876,O
4877,O
4878,O
4879,O
4880,O
4881,O
4882,O
4883,O
4884,O
4885,O
4886,O
4887,O
4888,O
4889,O
4890,B-Organisation
4891,I-Organisation
4892,I-Organisation
4893,I-Organisation
4894,I-Organisation
4895,O
4896,O
4897,O
4898,O
4899,O
4900,O
4901,O
4902,B-Organisation
4903,O
4904,O
4905,O
4906,O
4907,B-Organisation
4908,O
4909,O
4910,O
4911,O
4912,O
4913,B-Organisation
4914,I-Organisation
4915,O
4916,O
4917,O
4918,O
4919,B-Organisation
4920,O
4921,B-Location
4922,O
4923,O
4924,O
4925,B-Location
4926,O
4927,O
4928,O
4929,O
4930,B-Quantity
4931,I-Quantity
4932,O
4933,O
4934,O
4935,O
4936,O
4937,O
4938,O
4939,O
4940,O
4941,O
4942,O
4943,O
4944,O
4945,O
4946,B-Person
4947,O
4948,O
4949,B-Person
4950,O
4951,O
4952,O
4953,B-Location
4954,I-Location
4955,I-Location
4956,O
4957,O
4958,O
4959,O
4960,B-Organisation
4961,I-Organisation
4962,I-Organisation
4963,I-Organisation
4964,O
4965,O
4966,B-Temporal
4967,O
4968,O
4969,B-Person
4970,I-Person
4971,O
4972,O
4973,O
4974,O
4975,O
4976,O
4977,B-Location
4978,I-Location
4979,I-Location
4980,I-Location
4981,O
4982,O
4983,O
4984,O
4985,O
4986,B-Organisation
4987,O
4988,O
4989,O
4990,O
4991,O
4992,O
4993,O
4994,O
4995,O
4996,B-Nationality
4997,O
4998,O
4999,O
5000,O
5001,O
5002,O
5003,O
5004,B-Location
5005,O
5006,B-Organisation
5007,I-Organisation
5008,O
5009,B-Location
5010,O
5011,B-Temporal
5012,O
5013,O
5014,O
5015,O
5016,O
5017,B-Person
5018,O
5019,B-Person
5020,O
5021,O
5022,B-Person
5023,O
5024,O
5025,O
5026,O
5027,O
5028,O
5029,O
5030,O
5031,O
5032,O
5033,O
5034,O
5035,O
5036,O
5037,O
5038,B-Location
5039,O
5040,O
5041,O
5042,O
5043,O
5044,O
5045,O
5046,O
5047,O
5048,O
5049,B-Organisation
5050,I-Organisation
5051,I-Organisation
5052,I-Organisation
5053,I-Organisation
5054,O
5055,O
5056,O
5057,B-Organisation
5058,I-Organisation
5059,I-Organisation
5060,I-Organisation
5061,I-Organisation
5062,I-Organisation
5063,I-Organisation
5064,O
5065,O
5066,O
5067,O
5068,O
5069,O
5070,O
5071,O
5072,O
5073,O
5074,O
5075,O
5076,O
5077,B-Location
5078,O
5079,O
5080,O
5081,B-Temporal
5082,I-Temporal
5083,I-Temporal
5084,O
5085,B-Location
5086,O
5087,B-Location
5088,O
5089,B-Person
5090,O
5091,O
5092,O
5093,O
5094,O
5095,O
5096,O
5097,O
5098,O
5099,O
5100,O
5101,O
5102,O
5103,O
5104,O
5105,O
5106,B-Location
5107,I-Location
5108,O
5109,O
5110,O
5111,O
5112,O
5113,O
5114,O
5115,O
5116,B-Location
5117,I-Location
5118,O
5119,O
5120,O
5121,O
5122,O
5123,O
5124,O
5125,B-Location
5126,O
5127,O
5128,O
5129,O
5130,O
5131,B-Organisation
5132,I-Organisation
5133,I-Organisation
5134,O
5135,O
5136,O
5137,O
5138,O
5139,B-Location
5140,I-Location
5141,I-Location
5142,O
5143,O
5144,O
5145,O
5146,O
5147,O
5148,O
5149,B-Organisation
5150,I-Organisation
5151,O
5152,O
5153,O
5154,O
5155,O
5156,O
5157,B-Organisation
5158,I-Organisation
5159,O
5160,B-Organisation
5161,I-Organisation
5162,O
5163,O
5164,O
5165,O
5166,O
5167,O
5168,B-Organisation
5169,I-Organisation
5170,I-Organisation
5171,I-Organisation
5172,O
5173,O
5174,O
5175,O
5176,B-Organisation
5177,O
5178,O
5179,O
5180,O
5181,O
5182,O
5183,O
5184,O
5185,O
5186,B-Location
5187,O
5188,B-Temporal
5189,I-Temporal
5190,O
5191,B-Organisation
5192,I-Organisation
5193,O
5194,O
5195,O
5196,O
5197,O
5198,O
5199,O
5200,O
5201,O
5202,O
5203,O
5204,O
5205,O
5206,O
5207,B-DocumentReference
5208,I-DocumentReference
5209,I-DocumentReference
5210,I-DocumentReference
5211,O
5212,O
5213,O
5214,B-Organisation
5215,O
5216,O
5217,O
5218,B-Organisation
5219,I-Organisation
5220,O
5221,O
5222,O
5223,O
5224,O
5225,O
5226,O
5227,O
5228,O
5229,O
5230,B-Organisation
5231,O
5232,O
5233,O
